Title,Description,Link,Image URL,Board,Alt text
"Mejores Bases de Maquillaje 2026","La diferencia entre una base que dura todo el día y una que se oxida antes del mediodía está en la fórmula. Guía con las 5 mejores bases: Maybelline, L'Oréal, Clinique, NARS y Charlotte Tilbury desde $15. #maquillaje #basesdemaquillaje #makeup #makeupespanol #pielsmart","https://pielsmart.com/maquillaje/base-de-maquillaje/","https://images.pexels.com/photos/2533266/pexels-photo-2533266.jpeg?auto=compress&cs=tinysrgb&w=800","Maquillaje","Bases de maquillaje — guía editorial 2026"
"Maquillaje Sencillo Paso a Paso 2026","Guía completa de maquillaje sencillo para todos los días: primer, base, corrector, máscara y fijador. Productos que realmente funcionan con precios desde $8. #maquillajesencillo #makeuptutorial #maquillajediario #beautyespanol #pielsmart","https://pielsmart.com/maquillaje/maquillaje-sencillo-paso-a-paso/","https://images.pexels.com/photos/3993398/pexels-photo-3993398.jpeg?auto=compress&cs=tinysrgb&w=1280","Maquillaje","Maquillaje sencillo paso a paso — tutorial 2026"
"Cómo Tener Cejas Perfectas","Los mejores lápices, geles y pomadas para cejas perfectas: Anastasia Beverly Hills, Maybelline y NYX. Técnicas para rellenar, definir y fijar. #cejas #cejasnaturales #browgame #maquillaje #pielsmart","https://pielsmart.com/maquillaje/cejas-perfectas/","https://images.pexels.com/photos/3373745/pexels-photo-3373745.jpeg?auto=compress&cs=tinysrgb&w=800","Maquillaje","Cejas perfectas — mejores productos 2026"
"Mejores Correctores de Maquillaje","Corrector para ojeras, manchas y granos: los mejores de Maybelline, L'Oreal, NYX, e.l.f. y Neutrogena con precios desde $9. Guía editorial honesta sin filtros. #correctores #concealer #ojeras #maquillaje #pielsmart","https://pielsmart.com/maquillaje/correctores-de-maquillaje/","https://images.pexels.com/photos/3997993/pexels-photo-3997993.jpeg?auto=compress&cs=tinysrgb&w=800","Maquillaje","Correctores de maquillaje — guía completa 2026"
"Mejores Máscaras de Pestañas 2026","Maybelline Sky High, Lancôme Lash Idôle, Urban Decay — las máscaras de pestañas que realmente alargan y dan volumen. Guía editorial con precios reales. #mascaradepestanas #mascara #pestanas #makeup #pielsmart","https://pielsmart.com/maquillaje/mascaras-de-pestanas/","https://images.pexels.com/photos/3373736/pexels-photo-3373736.jpeg?auto=compress&cs=tinysrgb&w=800","Maquillaje","Máscaras de pestañas — las mejores de 2026"
"Mejores Sombras de Ojos 2026","Paletas de sombras para look natural, dramático y todo lo que hay en medio. NYX, Maybelline, e.l.f. y Urban Decay con precios reales. Cuál comprar según tu estilo. #sombrasdeоjos #eyeshadow #paleta #maquillajeojos #pielsmart","https://pielsmart.com/maquillaje/sombras-de-ojos/","https://images.pexels.com/photos/2113855/pexels-photo-2113855.jpeg?auto=compress&cs=tinysrgb&w=800","Maquillaje","Sombras de ojos — mejores paletas 2026"
"Maquillaje de Catrina Paso a Paso 2026","Tutorial completo de maquillaje de catrina para Día de Muertos. Los mejores productos de pintura facial y técnicas profesionales para el look más icónico del año. #catrina #diademuertos #makeuphalloween #maquillajecatrina #pielsmart","https://pielsmart.com/maquillaje/maquillaje-de-catrina/","https://images.pexels.com/photos/7614902/pexels-photo-7614902.jpeg?auto=compress&cs=tinysrgb&w=1280","Maquillaje","Maquillaje de catrina — tutorial paso a paso 2026"
"Maquillaje de Halloween 2026","Zombis, brujas, payasos y terror fácil: los mejores productos para maquillaje de Halloween. Paletas profesionales, bases blancas y kits de SFX con precios reales. #halloween #maquillajededisfraz #halloweenmakeup #sfxmakeup #pielsmart","https://pielsmart.com/maquillaje/maquillaje-de-halloween/","https://images.pexels.com/photos/18714014/pexels-photo-18714014.jpeg?auto=compress&cs=tinysrgb&w=1280","Maquillaje","Maquillaje de Halloween 2026 — guía completa"
"¿Para Qué Sirve el Ácido Hialurónico?","El ácido hialurónico retiene hasta 1000 veces su peso en agua. Qué hace exactamente, cómo usarlo bien y los mejores sérums disponibles. Guía con recomendaciones de dermatólogos. #acidohialuronico #skincare #serum #hidratacion #pielsmart","https://pielsmart.com/skincare/para-que-sirve-el-acido-hialuronico/","https://images.pexels.com/photos/30968097/pexels-photo-30968097.jpeg?auto=compress&cs=tinysrgb&w=1280","Skincare | Cuidado de Piel","Ácido hialurónico — guía de uso y mejores sérums"
"¿Para Qué Sirve el Retinol? Guía 2026","Arrugas, manchas, poros y acné: el retinol trata todo eso. Los 6 mejores sérums con precios reales desde $15 — RoC, CeraVe, Neutrogena, L'Oréal, Drunk Elephant. Cuál es para ti. #retinol #antiaging #skincare #serum #pielsmart","https://pielsmart.com/skincare/para-que-sirve-el-retinol/","https://images.pexels.com/photos/3762875/pexels-photo-3762875.jpeg?auto=compress&cs=tinysrgb&w=800","Skincare | Cuidado de Piel","Retinol — para qué sirve y mejores sérums 2026"
"Cremas Hidratantes para la Cara","CeraVe, Cetaphil, La Roche-Posay y Clinique: las mejores cremas hidratantes según tu tipo de piel. Guía editorial con precios reales. Encuentra exactamente la que necesitas. #cremahidratante #skincare #hidratacion #cuidadodepiel #pielsmart","https://pielsmart.com/skincare/crema-hidratante-cara/","https://images.pexels.com/photos/3762879/pexels-photo-3762879.jpeg?auto=compress&cs=tinysrgb&w=800","Skincare | Cuidado de Piel","Cremas hidratantes para la cara — guía 2026"
"Cremas Coreanas para la Cara — K-beauty","COSRX, Laneige, Innisfree, Some By Mi: las mejores cremas y esencias coreanas disponibles en línea. Qué ingredientes buscar y cómo integrar el K-beauty a tu rutina actual. #kbeauty #coreano #skincarecoreano #cosrx #laneige #pielsmart","https://pielsmart.com/skincare/cremas-coreanas/","https://images.pexels.com/photos/3785147/pexels-photo-3785147.jpeg?auto=compress&cs=tinysrgb&w=800","Skincare | Cuidado de Piel","Cremas coreanas K-beauty — guía completa 2026"
"MEDICUBE Age-R Booster-H — ¿Vale la Pena?","El dispositivo de electroporación coreano que amplifica la absorción de tus sérums hasta 490%. Análisis completo: cómo funciona, resultados reales y si vale la inversión. #medicube #electroporacion #skincaretool #kbeautydevice #pielsmart","https://pielsmart.com/microcorriente/medicube-age-r-booster-h/","https://images.pexels.com/photos/3738359/pexels-photo-3738359.jpeg?auto=compress&cs=tinysrgb&w=800","Dispositivos de Belleza","MEDICUBE Age-R Booster-H — análisis completo"
"Los Mejores Shampoos 2026 por Tipo de Cabello","El mejor shampoo no es el más caro — es el que tiene los ingredientes correctos para tu tipo de cabello. L'Oreal, Kérastase, TRESemmé: análisis con precios reales. #shampoo #cabello #cuidadocapilar #pelocuidado #pielsmart","https://pielsmart.com/cabello/mejores-shampoos/","https://images.pexels.com/photos/3993451/pexels-photo-3993451.jpeg?auto=compress&cs=tinysrgb&w=1280","Cabello","Mejores shampoos 2026 — guía por tipo de cabello"
"Los Mejores Acondicionadores y Tratamientos Capilares","L'Oreal Elvive, Pantene Miracle Rescue, Olaplex y Kérastase: los acondicionadores que reparan cabello dañado, seco y teñido de verdad. Análisis por ingredientes. #acondicionador #cabellodañado #olaplex #kerastase #pielsmart","https://pielsmart.com/cabello/mejores-acondicionadores/","https://images.pexels.com/photos/28994650/pexels-photo-28994650.jpeg?auto=compress&cs=tinysrgb&w=1280","Cabello","Mejores acondicionadores 2026 — guía por tipo de cabello"
"Mejores Rizadoras de Cabello 2026","Dyson Airwrap, Shark FlexStyle, T3 y BaBylissPRO: las rizadoras que realmente hacen ondas de sirena y rizos definidos. Cuál vale su precio y cuál no. #rizadora #rizos #ondas #cabello #dysonflair #pielsmart","https://pielsmart.com/dispositivos/rizadoras-de-cabello/","https://images.pexels.com/photos/3738359/pexels-photo-3738359.jpeg?auto=compress&cs=tinysrgb&w=1280","Dispositivos de Belleza","Mejores rizadoras de cabello 2026"
"Mejores Secadoras de Cabello y Planchas 2026","Dyson, Revlon, BaByliss, CHI y Remington comparados de forma honesta. Cuál secadora y plancha da más por tu dinero — con precios reales y análisis editorial. #secadoradecabello #plancha #alisado #cabello #dyson #pielsmart","https://pielsmart.com/dispositivos/mejores-secadoras-y-planchas/","https://images.pexels.com/photos/973406/pexels-photo-973406.jpeg?auto=compress&cs=tinysrgb&w=1280","Dispositivos de Belleza","Mejores secadoras y planchas 2026 — comparativa"
"Modelos de Uñas 2026 — Tendencias","Cortas cuadradas, almendadas, coffin, french y nail art floral: los modelos de uñas más buscados de 2026. Diseños por tipo con los mejores productos y kits. #uñas #nails #nailart #nailtrends2026 #uñasgel #pielsmart","https://pielsmart.com/unas/modelos-de-unas-2025/","https://images.pexels.com/photos/34971940/pexels-photo-34971940/free-photo-of-close-up-of-stylish-turquoise-nail-art.jpeg?auto=compress&cs=tinysrgb&w=1280","Uñas","Modelos de uñas 2026 — tendencias completas"
"Uñas de Acrílico — Guía Completa 2026","Diferencias con gel, tutorial paso a paso, cuánto duran y los mejores kits de Mia Secret y Kiara Sky para hacerlas en casa. Todo lo que necesitas saber. #unasdeacrilico #nailsacrylic #nailsathome #kiarski #miasecret #pielsmart","https://pielsmart.com/unas/unas-de-acrilico-guia-completa/","https://images.pexels.com/photos/3997379/pexels-photo-3997379.jpeg?auto=compress&cs=tinysrgb&w=1280","Uñas","Uñas de acrílico — guía completa 2026"
"Uñas Gel en Casa — Guía Completa","Los mejores kits de uñas gel para principiantes y avanzadas: Beetles, Modelones y PolyGel. Cómo aplicar, cuánto duran y cuál kit comprar. #unasgel #gelnails #nailsathome #beetles #modelones #pielsmart","https://pielsmart.com/unas/unas-gel/","https://images.pexels.com/photos/3997390/pexels-photo-3997390.jpeg?auto=compress&cs=tinysrgb&w=800","Uñas","Uñas gel en casa — guía completa 2026"
"Kits de Uñas Semipermanentes","Los mejores kits de uñas semipermanentes para hacer en casa sin cabina UV enorme: Beetles y Modelones para principiantes y avanzadas. Duración, colores y técnica. #uñassemipermanentes #semipermanentnails #nailkit #nailsathome #pielsmart","https://pielsmart.com/unas/unas-semipermanentes/","https://images.pexels.com/photos/939836/pexels-photo-939836.jpeg?auto=compress&cs=tinysrgb&w=800","Uñas","Uñas semipermanentes — mejores kits 2026"
"Los Mejores Perfumes para Mujer 2026","Lancôme, Carolina Herrera, YSL, Dior y Flowerbomb: los perfumes femeninos más vendidos de 2026. Desde opciones accesibles hasta lujo real. Análisis editorial honesto. #perfumesdemujer #fragrancias #perfume #carolinaherrera #dior #pielsmart","https://pielsmart.com/perfumes/perfumes-para-mujer/","https://images.pexels.com/photos/965989/pexels-photo-965989.jpeg?auto=compress&cs=tinysrgb&w=1280","Perfumes","Mejores perfumes para mujer 2026"
"Los Mejores Perfumes para Hombre 2026","Dior Sauvage, Bleu de Chanel, Acqua di Giò y más: los perfumes masculinos que dominan 2026. Comparativa editorial con precios reales y cuál dura más. #perfumesdehombre #fragrancecommunity #dior #chanel #acquadigio #pielsmart","https://pielsmart.com/perfumes/perfumes-para-hombre/","https://images.pexels.com/photos/7270671/pexels-photo-7270671.jpeg?auto=compress&cs=tinysrgb&w=1280","Perfumes","Mejores perfumes para hombre 2026"
"Perfumes Árabes — Oud, Ambar y Especias 2026","Club de Nuit, Lattafa Khamrah, Al Haramain: los mejores perfumes árabes con oud, ambar y especias. Fragancias únicas con larga duración a precios sorprendentes. #perfumesarabes #oud #ambar #lattafa #arabicperfume #pielsmart","https://pielsmart.com/perfumes/perfumes-arabes/","https://images.pexels.com/photos/29805437/pexels-photo-29805437.jpeg?auto=compress&cs=tinysrgb&w=1280","Perfumes","Perfumes árabes — oud, ambar y especias 2026"
